producto,referencia,precio
Crema Calmante y Suavizante Kosmaderm,7703286205109,38650.0
Crema Hidratante Nutritiva de Urea Kosmaderm,7703286200258,46650.0
Protector Solar Spf 45+ Crema Gel Kosmaderm,7703286205208,78900.0
Garnier Express Aclara Crema FPS30 50ml,7509552844047,44350.0
Tinte Coloriss Kit No.1,7702113017922,11050.0
Anti Aging Crema Skycare Wellness,7708571622807,107137.0
Eye Contour Crema Skycare Wellness,7708571622289,79850.0
Av Physiolift Crema Día,3282770049312,171862.0
Neutrogena Hydro Boost Cre Gel Piel Nolmal A Seca,7702031399858,29050.0
Crema Super Forz Sport,7707210530749,31800.0
Betametasona 0.05% Crema La Francol,7706569020321,11050.0
Terbinafina 1 % Crema Genfar,7702605106240,45850.0
Crema Dental Sensodyne Protección Completa + 8 Beneficios x 90 gramos,7896009498091,19250.0
Crema Lactovit Reparadora X 1 Litro,8411135654792,55300.0
Crema Lactovit Reparadora X 400 Ml,8410190585997,31100.0
NUTRADEICA GEL CREMA FACIAL ISDIN,8429420171718,83812.0
Crema Dental Sensodyne Limpieza Profunda90 gr.,7896015591106,19250.0
Jabón Dove Revigorizante Pquete 3 Un x 90 Gramos,7891150074422,17700.0
Crema Facial Ácido Hialurónico Babaria,8410412100243,37600.0
Enjuague Bucal Colgate Periogard,7891024179925,34850.0
Jabón Líquido Baby Dove Humectación Enriquecida,7891150025981,22050.0
